Chocolate,Sports,1
Headphones,Sports,4
scarf,Sports,2
running shoes,Sports,10
wine,Sports,1
sports tickets,Sports,10
ps4 wireless controller,Sports,9
winter gloves,Sports,2
beanie,Sports,2
mug,Sports,1
fitness watch,Sports,10
yoga set kit,Sports,8
socks,Sports,7
star wars toy,Sports,1
doll,Sports,1
books,Sports,1
duffle bag,Sports,8
Amazing necklace,Sports,1
Leather wallet,Sports,1
Tech and travel gear kit,Sports,8
Purple earrings,Sports,1
Brushes,Sports,1
Throw pillow,Sports,1
Camera vintage,Sports,6
Timberland shoes,Sports,1
Wind Chimes,Sports,1
Art Glass,Sports,1
Hammock,Sports,8
Bamboo MUG,Sports,1
Christmas Bowl,Sports,1
Shallow Bowl,Sports,1
Canon Camera,Sports,1
chocolate,Techie,1
headphones,Techie,10
scarf,Techie,1
running shoes,Techie,1
wine,Techie,1
sports tickets,Techie,1
ps4 wireless controller,Techie,9
winter gloves,Techie,1
beanie,Techie,1
mug,Techie,1
fitness watch,Techie,9
yoga set kit,Techie,1
socks,Techie,1
star wars toy,Techie,1
doll,Techie,1
books,Techie,1
duffle bag,Techie,1
Amazing necklace,Techie,1
Leather wallet,Techie,1
Tech and travel gear kit,Techie,9
Purple earrings,Techie,1
Brushes,Techie,1
Throw pillow,Techie,1
Camera vintage,Techie,10
Timberland shoes,Techie,1
Wind Chimes,Techie,1
Art Glass,Techie,1
Hammock,Techie,1
Bamboo MUG,Techie,1
Christmas Bowl,Techie,1
Shallow Bowl,Techie,1
Canon Camera,Techie,10
chocolate,Fashionista,1
headphones,Fashionista,1
scarf,Fashionista,10
running shoes,Fashionista,7
wine,Fashionista,1
sports tickets,Fashionista,1
ps4 wireless controller,Fashionista,1
winter gloves,Fashionista,10
beanie,Fashionista,10
mug,Fashionista,7
fitness watch,Fashionista,1
yoga set kit,Fashionista,1
socks,Fashionista,10
star wars toy,Fashionista,1
doll,Fashionista,1
books,Fashionista,1
duffle bag,Fashionista,10
Amazing necklace,Fashionista,10
Leather wallet,Fashionista,10
Tech and travel gear kit,Fashionista,9
Purple earrings,Fashionista,10
Brushes,Fashionista,10
Throw pillow,Fashionista,7
Camera vintage,Fashionista,1
Timberland shoes,Fashionista,10
Wind Chimes,Fashionista,1
Art Glass,Fashionista,1
Hammock,Fashionista,1
Bamboo MUG,Fashionista,1
Christmas Bowl,Fashionista,1
Shallow Bowl,Fashionista,1
Canon Camera,Fashionista,1
chocolate,Foodie,10
headphones,Foodie,1
scarf,Foodie,1
running shoes,Foodie,1
wine,Foodie,10
sports tickets,Foodie,1
ps4 wireless controller,Foodie,1
winter gloves,Foodie,1
beanie,Foodie,1
mug,Foodie,8
fitness watch,Foodie,8
yoga set kit,Foodie,1
socks,Foodie,1
star wars toy,Foodie,1
doll,Foodie,1
books,Foodie,1
duffle bag,Foodie,1
Amazing necklace,Foodie,1
Leather wallet,Foodie,1
Tech and travel gear kit,Foodie,1
Purple earrings,Foodie,1
Brushes,Foodie,1
Throw pillow,Foodie,1
Camera vintage,Foodie,1
Timberland shoes,Foodie,1
Wind Chimes,Foodie,1
Art Glass,Foodie,1
Hammock,Foodie,1
Bamboo MUG,Foodie,1
Christmas Bowl,Foodie,1
Shallow Bowl,Foodie,1
Canon Camera,Foodie,1
Chocolate,Outgoing,6
Headphones,Outgoing,9
Scarf,Outgoing,1
Running shoes,Outgoing,1
Wine,Outgoing,10
Sports tickets,Outgoing,10
Ps4 wireless controller,Outgoing,1
Winter gloves,Outgoing,1
Beanie,Outgoing,1
Mug,Outgoing,1
Fitness watch,Outgoing,1
Yoga set kit,Outgoing,1
Socks,Outgoing,9
Star wars toy,Outgoing,1
Doll,Outgoing,1
Books,Outgoing,1
Duffle bag,Outgoing,7
Amazing necklace,Outgoing,7
Leather wallet,Outgoing,8
Tech and travel gear kit,Outgoing,8
Purple earrings,Outgoing,8
Brushes,Outgoing,4
Throw pillow,Outgoing,1
Camera vintage,Outgoing,10
Timberland shoes,Outgoing,7
Wind Chimes,Outgoing,7
Art Glass,Outgoing,7
Hammock,Outgoing,7
Bamboo MUG,Outgoing,1
Christmas Bowl,Outgoing,3
Shallow Bowl,Outgoing,3
Canon Camera,Outgoing,9
chocolate,Male,1
headphones,Male,7
scarf,Male,5
running shoes,Male,5
wine,Male,5
sports tickets,Male,8
ps4 wireless controller,Male,9
winter gloves,Male,5
beanie,Male,5
mug,Male,5
fitness watch,Male,5
yoga set kit,Male,4
socks,Male,7
star wars toy,Male,5
doll,Male,5
books,Male,5
duffle bag,Male,7
Amazing necklace,Male,0
Leather wallet,Male,10
Tech and travel gear kit,Male,8
Purple earrings,Male,0
Brushes,Male,0
Throw pillow,Male,4
Camera vintage,Male,5
Timberland shoes,Male,0
Wind Chimes,Male,5
Art Glass,Male,5
Hammock,Male,5
Bamboo MUG,Male,5
Christmas Bowl,Male,5
Shallow Bowl,Male,5
Canon Camera,Male,5
chocolate,Female,9
headphones,Female,3
scarf,Female,5
running shoes,Female,5
wine,Female,5
sports tickets,Female,2
ps4 wireless controller,Female,1
winter gloves,Female,5
beanie,Female,5
mug,Female,5
fitness watch,Female,5
yoga set kit,Female,6
socks,Female,3
star wars toy,Female,5
doll,Female,5
books,Female,5
duffle bag,Female,3
Amazing necklace,Female,10
Leather wallet,Female,0
Tech and travel gear kit,Female,2
Purple earrings,Female,10
Brushes,Female,10
Throw pillow,Female,6
Camera vintage,Female,5
Timberland shoes,Female,10
Wind Chimes,Female,5
Art Glass,Female,5
Hammock,Female,5
Bamboo MUG,Female,5
Christmas Bowl,Female,5
Shallow Bowl,Female,5
Canon Camera,Female,5
chocolate,Friend,10
headphones,Friend,8
scarf,Friend,8
running shoes,Friend,8
wine,Friend,10
sports tickets,Friend,10
ps4 wireless controller,Friend,8
winter gloves,Friend,9
beanie,Friend,8
mug,Friend,8
fitness watch,Friend,8
yoga set kit,Friend,8
socks,Friend,8
star wars toy,Friend,5
doll,Friend,5
books,Friend,9
duffle bag,Friend,9
Amazing necklace,Friend,10
Leather wallet,Friend,10
Tech and travel gear kit,Friend,10
Purple earrings,Friend,10
Brushes,Friend,10
Throw pillow,Friend,10
Camera vintage,Friend,7
Timberland shoes,Friend,7
Wind Chimes,Friend,10
Art Glass,Friend,10
Hammock,Friend,3
Bamboo MUG,Friend,10
Christmas Bowl,Friend,10
Shallow Bowl,Friend,10
Canon Camera,Friend,5
chocolate,Family,10
headphones,Family,9
scarf,Family,10
running shoes,Family,10
wine,Family,8
sports tickets,Family,10
ps4 wireless controller,Family,9
winter gloves,Family,10
beanie,Family,10
mug,Family,10
fitness watch,Family,10
yoga set kit,Family,9
socks,Family,10
star wars toy,Family,1
doll,Family,1
books,Family,9
duffle bag,Family,10
Amazing necklace,Family,10
Leather wallet,Family,10
Tech and travel gear kit,Family,10
Purple earrings,Family,10
Brushes,Family,10
Throw pillow,Family,10
Camera vintage,Family,10
Timberland shoes,Family,10
Wind Chimes,Family,10
Art Glass,Family,10
Hammock,Family,10
Bamboo MUG,Family,10
Christmas Bowl,Family,10
Shallow Bowl,Family,10
Canon Camera,Family,10
chocolate,Partner,10
headphones,Partner,10
scarf,Partner,8
running shoes,Partner,9
wine,Partner,10
sports tickets,Partner,10
ps4 wireless controller,Partner,7
winter gloves,Partner,7
beanie,Partner,7
mug,Partner,9
fitness watch,Partner,9
yoga set kit,Partner,9
socks,Partner,9
star wars toy,Partner,1
doll,Partner,1
books,Partner,9
duffle bag,Partner,10
Amazing necklace,Partner,10
Leather wallet,Partner,9
Tech and travel gear kit,Partner,9
Purple earrings,Partner,9
Brushes,Partner,9
Throw pillow,Partner,9
Camera vintage,Partner,9
Timberland shoes,Partner,9
Wind Chimes,Partner,9
Art Glass,Partner,7
Hammock,Partner,9
Bamboo MUG,Partner,7
Christmas Bowl,Partner,7
Shallow Bowl,Partner,7
Canon Camera,Partner,10
chocolate,Coworker,10
headphones,Coworker,7
scarf,Coworker,7
running shoes,Coworker,2
wine,Coworker,10
sports tickets,Coworker,8
ps4 wireless controller,Coworker,2
winter gloves,Coworker,7
beanie,Coworker,7
mug,Coworker,7
fitness watch,Coworker,2
yoga set kit,Coworker,7
socks,Coworker,2
star wars toy,Coworker,1
doll,Coworker,1
books,Coworker,8
duffle bag,Coworker,7
Amazing necklace,Coworker,7
Leather wallet,Coworker,7
Tech and travel gear kit,Coworker,7
Purple earrings,Coworker,7
Brushes,Coworker,7
Throw pillow,Coworker,7
Camera vintage,Coworker,6
Timberland shoes,Coworker,2
Wind Chimes,Coworker,7
Art Glass,Coworker,7
Hammock,Coworker,7
Bamboo MUG,Coworker,7
Christmas Bowl,Coworker,7
Shallow Bowl,Coworker,7
Canon Camera,Coworker,1
Chocolate,Acquaintance,10
Headphones,Acquaintance,2
Scarf,Acquaintance,2
Running shoes,Acquaintance,2
Wine,Acquaintance,10
Sports tickets,Acquaintance,2
Ps4 wireless controller,Acquaintance,2
Winter gloves,Acquaintance,2
Beanie,Acquaintance,2
Mug,Acquaintance,9
Fitness watch,Acquaintance,2
Yoga set kit,Acquaintance,2
Socks,Acquaintance,2
Star wars toy,Acquaintance,1
Doll,Acquaintance,1
Books,Acquaintance,7
Duffle bag,Acquaintance,2
Amazing necklace,Acquaintance,4
Leather wallet,Acquaintance,4
Tech and travel gear kit,Acquaintance,4
Purple earrings,Acquaintance,4
Brushes,Acquaintance,4
Throw pillow,Acquaintance,4
Camera vintage,Acquaintance,1
Timberland shoes,Acquaintance,1
Wind Chimes,Acquaintance,1
Art Glass,Acquaintance,10
Hammock,Acquaintance,1
Bamboo MUG,Acquaintance,9
Christmas Bowl,Acquaintance,10
Shallow Bowl,Acquaintance,10
Canon Camera,Acquaintance,1
Chocolate,Kid,8
Headphones,Kid,1
Scarf,Kid,1
Running shoes,Kid,1
Wine,Kid,1
Sports tickets,Kid,1
Ps4 wireless controller,Kid,1
Winter gloves,Kid,1
Beanie,Kid,1
Mug,Kid,1
Fitness watch,Kid,1
Yoga set kit,Kid,1
Socks,Kid,1
Star wars toy,Kid,10
Doll,Kid,10
Books,Kid,1
Duffle bag,Kid,1
Amazing necklace,Kid,1
Leather wallet,Kid,1
Tech and travel gear kit,Kid,1
Purple earrings,Kid,1
Brushes,Kid,1
Throw pillow,Kid,1
Camera vintage,Kid,1
Timberland shoes,Kid,1
Wind Chimes,Kid,1
Art Glass,Kid,1
Hammock,Kid,1
Bamboo MUG,Kid,1
Christmas Bowl,Kid,1
Shallow Bowl,Kid,1
Canon Camera,Kid,1
Chocolate,Teen,9
Headphones,Teen,10
Scarf,Teen,10
Running shoes,Teen,8
Wine,Teen,7
Sports tickets,Teen,10
Ps4 wireless controller,Teen,10
Winter gloves,Teen,8
Beanie,Teen,10
Mug,Teen,8
Fitness watch,Teen,9
Yoga set kit,Teen,9
Socks,Teen,10
Star wars toy,Teen,1
Doll,Teen,1
Books,Teen,8
Duffle bag,Teen,8
Amazing necklace,Teen,9
Leather wallet,Teen,9
Tech and travel gear kit,Teen,9
Purple earrings,Teen,9
Brushes,Teen,9
Throw pillow,Teen,5
Camera vintage,Teen,10
Timberland shoes,Teen,9
Wind Chimes,Teen,2
Art Glass,Teen,2
Hammock,Teen,2
Bamboo MUG,Teen,2
Christmas Bowl,Teen,2
Shallow Bowl,Teen,2
Canon Camera,Teen,9
Chocolate,Young adult,10
Headphones,Young adult,9
Scarf,Young adult,8
Running shoes,Young adult,10
Wine,Young adult,10
Sports tickets,Young adult,10
Ps4 wireless controller,Young adult,7
Winter gloves,Young adult,7
Beanie,Young adult,7
Mug,Young adult,9
Fitness watch,Young adult,10
Yoga set kit,Young adult,10
Socks,Young adult,9
Star wars toy,Young adult,1
Doll,Young adult,1
Books,Young adult,10
Duffle bag,Young adult,9
Amazing necklace,Young adult,10
Leather wallet,Young adult,9
Tech and travel gear kit,Young adult,9
Purple earrings,Young adult,9
Brushes,Young adult,9
Throw pillow,Young adult,9
Camera vintage,Young adult,9
Timberland shoes,Young adult,9
Wind Chimes,Young adult,9
Art Glass,Young adult,9
Hammock,Young adult,9
Bamboo MUG,Young adult,9
Christmas Bowl,Young adult,9
Shallow Bowl,Young adult,9
Canon Camera,Young adult,9
Chocolate,Adult,10
Headphones,Adult,7
Scarf,Adult,7
Running shoes,Adult,10
Wine,Adult,10
Sports tickets,Adult,8
Ps4 wireless controller,Adult,1
Winter gloves,Adult,7
Beanie,Adult,1
Mug,Adult,9
Fitness watch,Adult,10
Yoga set kit,Adult,10
Socks,Adult,7
Star wars toy,Adult,1
Doll,Adult,1
Books,Adult,10
Duffle bag,Adult,7
Amazing necklace,Adult,9
Leather wallet,Adult,9
Tech and travel gear kit,Adult,9
Purple earrings,Adult,9
Brushes,Adult,9
Throw pillow,Adult,9
Camera vintage,Adult,9
Timberland shoes,Adult,9
Wind Chimes,Adult,9
Art Glass,Adult,9
Hammock,Adult,9
Bamboo MUG,Adult,9
Christmas Bowl,Adult,9
Shallow Bowl,Adult,9
Canon Camera,Adult,9
Chocolate,Elderly,10
Headphones,Elderly,1
Scarf,Elderly,1
Running shoes,Elderly,8
Wine,Elderly,10
Sports tickets,Elderly,8
Ps4 wireless controller,Elderly,1
Winter gloves,Elderly,1
Beanie,Elderly,1
Mug,Elderly,9
Fitness watch,Elderly,1
Yoga set kit,Elderly,1
Socks,Elderly,1
Star wars toy,Elderly,1
Doll,Elderly,1
Books,Elderly,10
Duffle bag,Elderly,1
Amazing necklace,Elderly,1
Leather wallet,Elderly,9
Tech and travel gear kit,Elderly,6
Purple earrings,Elderly,6
Brushes,Elderly,1
Throw pillow,Elderly,9
Camera vintage,Elderly,1
Timberland shoes,Elderly,1
Wind Chimes,Elderly,1
Art Glass,Elderly,10
Hammock,Elderly,10
Bamboo MUG,Elderly,1
Christmas Bowl,Elderly,10
Shallow Bowl,Elderly,10
Canon Camera,Elderly,1
Chocolate,Birthday,8
Headphones,Birthday,9
Scarf,Birthday,8
Running shoes,Birthday,7
Wine,Birthday,10
Sports tickets,Birthday,10
Ps4 wireless controller,Birthday,9
Winter gloves,Birthday,8
Beanie,Birthday,8
Mug,Birthday,1
Fitness watch,Birthday,9
Yoga set kit,Birthday,7
Socks,Birthday,9
Star wars toy,Birthday,9
Doll,Birthday,9
Books,Birthday,10
Duffle bag,Birthday,8
Amazing necklace,Birthday,10
Leather wallet,Birthday,9
Tech and travel gear kit,Birthday,9
Purple earrings,Birthday,9
Brushes,Birthday,9
Throw pillow,Birthday,9
Camera vintage,Birthday,9
Timberland shoes,Birthday,9
Wind Chimes,Birthday,9
Art Glass,Birthday,1
Hammock,Birthday,1
Bamboo MUG,Birthday,9
Christmas Bowl,Birthday,1
Shallow Bowl,Birthday,1
Canon Camera,Birthday,10
Chocolate,Party,7
Headphones,Party,1
Scarf,Party,1
Running shoes,Party,1
Wine,Party,10
Sports tickets,Party,1
Ps4 wireless controller,Party,1
Winter gloves,Party,1
Beanie,Party,1
Mug,Party,1
Fitness watch,Party,1
Yoga set kit,Party,1
Socks,Party,1
Star wars toy,Party,1
Doll,Party,1
Books,Party,1
Duffle bag,Party,1
Amazing necklace,Party,9
Leather wallet,Party,6
Tech and travel gear kit,Party,6
Purple earrings,Party,7
Brushes,Party,7
Throw pillow,Party,7
Camera vintage,Party,1
Timberland shoes,Party,1
Wind Chimes,Party,1
Art Glass,Party,1
Hammock,Party,1
Bamboo MUG,Party,7
Christmas Bowl,Party,1
Shallow Bowl,Party,1
Canon Camera,Party,1
Chocolate,Wedding,7
Headphones,Wedding,1
Scarf,Wedding,1
Running shoes,Wedding,1
Wine,Wedding,10
Sports tickets,Wedding,1
Ps4 wireless controller,Wedding,1
Winter gloves,Wedding,1
Beanie,Wedding,1
Mug,Wedding,10
Fitness watch,Wedding,1
Yoga set kit,Wedding,1
Socks,Wedding,1
Star wars toy,Wedding,1
Doll,Wedding,1
Books,Wedding,10
Duffle bag,Wedding,1
Amazing necklace,Wedding,9
Leather wallet,Wedding,1
Tech and travel gear kit,Wedding,1
Purple earrings,Wedding,2
Brushes,Wedding,2
Throw pillow,Wedding,5
Camera vintage,Wedding,10
Timberland shoes,Wedding,1
Wind Chimes,Wedding,10
Art Glass,Wedding,10
Hammock,Wedding,10
Bamboo MUG,Wedding,6
Christmas Bowl,Wedding,10
Shallow Bowl,Wedding,10
Canon Camera,Wedding,9
Chocolate,Graduation,10
Headphones,Graduation,8
Scarf,Graduation,1
Running shoes,Graduation,1
Wine,Graduation,10
Sports tickets,Graduation,9
Ps4 wireless controller,Graduation,1
Winter gloves,Graduation,1
Beanie,Graduation,1
Mug,Graduation,9
Fitness watch,Graduation,8
Yoga set kit,Graduation,1
Socks,Graduation,1
Star wars toy,Graduation,1
Doll,Graduation,1
Books,Graduation,10
Duffle bag,Graduation,8
Amazing necklace,Graduation,9
Leather wallet,Graduation,7
Tech and travel gear kit,Graduation,9
Purple earrings,Graduation,9
Brushes,Graduation,9
Throw pillow,Graduation,9
Camera vintage,Graduation,9
Timberland shoes,Graduation,1
Wind Chimes,Graduation,9
Art Glass,Graduation,7
Hammock,Graduation,1
Bamboo MUG,Graduation,1
Christmas Bowl,Graduation,1
Shallow Bowl,Graduation,1
Canon Camera,Graduation,1
Chocolate,Babyshower,1
Headphones,Babyshower,1
Scarf,Babyshower,1
Running shoes,Babyshower,1
Wine,Babyshower,1
Sports tickets,Babyshower,1
Ps4 wireless controller,Babyshower,1
Winter gloves,Babyshower,10
Beanie,Babyshower,9
Mug,Babyshower,10
Fitness watch,Babyshower,1
Yoga set kit,Babyshower,9
Socks,Babyshower,9
Star wars toy,Babyshower,9
Doll,Babyshower,1
Books,Babyshower,1
Duffle bag,Babyshower,1
Amazing necklace,Babyshower,1
Leather wallet,Babyshower,1
Tech and travel gear kit,Babyshower,1
Purple earrings,Babyshower,1
Brushes,Babyshower,1
Throw pillow,Babyshower,1
Camera vintage,Babyshower,1
Timberland shoes,Babyshower,1
Wind Chimes,Babyshower,1
Art Glass,Babyshower,1
Hammock,Babyshower,1
Bamboo MUG,Babyshower,1
Christmas Bowl,Babyshower,1
Shallow Bowl,Babyshower,1
Canon Camera,Babyshower,1
Chocolate,Christmas,10
Headphones,Christmas,9
Scarf,Christmas,10
Running shoes,Christmas,8
Wine,Christmas,10
Sports tickets,Christmas,9
Ps4 wireless controller,Christmas,8
Winter gloves,Christmas,10
Beanie,Christmas,10
Mug,Christmas,10
Fitness watch,Christmas,10
Yoga set kit,Christmas,8
Socks,Christmas,10
Star wars toy,Christmas,10
Doll,Christmas,10
Books,Christmas,9
Duffle bag,Christmas,10
Amazing necklace,Christmas,10
Leather wallet,Christmas,7
Tech and travel gear kit,Christmas,9
Purple earrings,Christmas,9
Brushes,Christmas,9
Throw pillow,Christmas,7
Camera vintage,Christmas,10
Timberland shoes,Christmas,8
Wind Chimes,Christmas,8
Art Glass,Christmas,9
Hammock,Christmas,9
Bamboo MUG,Christmas,7
Christmas Bowl,Christmas,10
Shallow Bowl,Christmas,10
Canon Camera,Christmas,10
Chocolate,Officeparty,10
Headphones,Officeparty,1
Scarf,Officeparty,1
Running shoes,Officeparty,1
Wine,Officeparty,10
Sports tickets,Officeparty,1
Ps4 wireless controller,Officeparty,1
Winter gloves,Officeparty,1
Beanie,Officeparty,1
Mug,Officeparty,1
Fitness watch,Officeparty,1
Yoga set kit,Officeparty,1
Socks,Officeparty,1
Star wars toy,Officeparty,1
Doll,Officeparty,1
Books,Officeparty,1
Duffle bag,Officeparty,1
Amazing necklace,Officeparty,1
Leather wallet,Officeparty,1
Tech and travel gear kit,Officeparty,1
Purple earrings,Officeparty,1
Brushes,Officeparty,1
Throw pillow,Officeparty,1
Camera vintage,Officeparty,1
Timberland shoes,Officeparty,1
Wind Chimes,Officeparty,1
Art Glass,Officeparty,1
Hammock,Officeparty,1
Bamboo MUG,Officeparty,1
Christmas Bowl,Officeparty,1
Shallow Bowl,Officeparty,1
Canon Camera,Officeparty,1
Chocolate,Anniversary,10
Headphones,Anniversary,8
Scarf,Anniversary,1
Running shoes,Anniversary,7
Wine,Anniversary,10
Sports tickets,Anniversary,8
Ps4 wireless controller,Anniversary,1
Winter gloves,Anniversary,1
Beanie,Anniversary,1
Mug,Anniversary,1
Fitness watch,Anniversary,8
Yoga set kit,Anniversary,1
Socks,Anniversary,1
Star wars toy,Anniversary,1
Doll,Anniversary,1
Books,Anniversary,8
Duffle bag,Anniversary,8
Amazing necklace,Anniversary,10
Leather wallet,Anniversary,7
Tech and travel gear kit,Anniversary,9
Purple earrings,Anniversary,9
Brushes,Anniversary,4
Throw pillow,Anniversary,4
Camera vintage,Anniversary,10
Timberland shoes,Anniversary,10
Wind Chimes,Anniversary,4
Art Glass,Anniversary,4
Hammock,Anniversary,9
Bamboo MUG,Anniversary,7
Christmas Bowl,Anniversary,1
Shallow Bowl,Anniversary,1
Canon Camera,Anniversary,10
Chocolate,Housewarming,10
Headphones,Housewarming,1
Scarf,Housewarming,1
Running shoes,Housewarming,1
Wine,Housewarming,1
Sports tickets,Housewarming,1
Ps4 wireless controller,Housewarming,1
Winter gloves,Housewarming,1
Beanie,Housewarming,1
Mug,Housewarming,10
Fitness watch,Housewarming,1
Yoga set kit,Housewarming,1
Socks,Housewarming,1
Star wars toy,Housewarming,1
Doll,Housewarming,1
Books,Housewarming,1
Duffle bag,Housewarming,1
Amazing necklace,Housewarming,1
Leather wallet,Housewarming,1
Tech and travel gear kit,Housewarming,1
Purple earrings,Housewarming,1
Brushes,Housewarming,1
Throw pillow,Housewarming,1
Camera vintage,Housewarming,1
Timberland shoes,Housewarming,1
Wind Chimes,Housewarming,1
Art Glass,Housewarming,1
Hammock,Housewarming,1
Bamboo MUG,Housewarming,11
Christmas Bowl,Housewarming,1
Shallow Bowl,Housewarming,1
Canon Camera,Housewarming,1
Chocolate,Practicality,1
Headphones,Practicality,10
Scarf,Practicality,10
Running shoes,Practicality,10
Wine,Practicality,2
Sports tickets,Practicality,4
Ps4 wireless controller,Practicality,7
Winter gloves,Practicality,10
Beanie,Practicality,10
Mug,Practicality,10
Fitness watch,Practicality,9
Yoga set kit,Practicality,9
Socks,Practicality,9
Star wars toy,Practicality,1
Doll,Practicality,1
Books,Practicality,10
Duffle bag,Practicality,10
Amazing necklace,Practicality,4
Leather wallet,Practicality,10
Tech and travel gear kit,Practicality,10
Purple earrings,Practicality,4
Brushes,Practicality,4
Throw pillow,Practicality,1
Camera vintage,Practicality,10
Timberland shoes,Practicality,10
Wind Chimes,Practicality,1
Art Glass,Practicality,1
Hammock,Practicality,1
Bamboo MUG,Practicality,1
Christmas Bowl,Practicality,1
Shallow Bowl,Practicality,1
Canon Camera,Practicality,10
